Accuracy,Precision,Recall,F1_Score,ROC AUC
0.9790369172040287,0.987294774276245,0.9706489242332212,0.9788537549782997,0.9966036718094591
