Accuracy,Precision,Recall,F1_Score,ROC AUC
0.9695518131601066,0.981032383309507,0.957528636063549,0.9690739343125033,0.9946767763766893
