Training Accuracy,Training Loss,Validation Accuracy,Validation Loss,Precision,Recall,F1_Score,ROC AUC
"[0.9364761710166931, 0.960505485534668, 0.9689214825630188, 0.9744827747344971]","[0.15544767677783966, 0.10092330724000931, 0.08110760152339935, 0.06677690893411636]",0.964181837767963,"[0.10679941624403, 0.10484100133180618, 0.0965324267745018, 0.11536514014005661]",0.968549701249321,0.9595845441825422,0.9640462802768166,0.9937232898776632
"[0.9746376276016235, 0.9789937138557434, 0.9826294183731079, 0.9856052994728088]","[0.06873926520347595, 0.05795918405056, 0.04719886556267738, 0.03894500061869621]",0.981444576106862,"[0.04309013485908508, 0.06732524931430817, 0.0539926216006279, 0.0605958066880703]",0.9839346567858496,0.9789043160047358,0.9814130405460088,0.9980086342723344
"[0.9844338297843933, 0.9769469499588013, 0.9869047403335571, 0.9846963882446289]","[0.043777499347925186, 0.06225600838661194, 0.03830774500966072, 0.04428614303469658]",0.9836798448777335,"[0.028546655550599098, 0.025992369279265404, 0.03468840941786766, 0.053012557327747345]",0.9960264900662251,0.9712625121084921,0.9834886382213504,0.9987682889362542
"[0.9624108672142029, 0.9822322130203247, 0.9844203591346741, 0.7255718111991882]","[0.09441723674535751, 0.05043298751115799, 0.044125162065029144, 0.40050986409187317]",0.9718302272972099,"[0.022745953872799873, 0.03077705390751362, 0.025614559650421143, 0.07427643239498138]",0.9914247281694877,0.9519427402862985,0.9712826707665275,0.9931600865225918
"[0.9804413914680481, 0.9853832125663757, 0.9883658289909363, 0.989948034286499]","[0.0590641163289547, 0.04439381882548332, 0.03306150436401367, 0.03014048933982849]",0.9940480999703751,"[0.02312360890209675, 0.024189146235585213, 0.024110382422804832, 0.020679114386439323]",0.9965382951103419,0.9915505085840375,0.9940381450807954,0.999358059438452
