Accuracy,Precision,Recall,F1_Score,ROC AUC
0.9876656160528539,0.9929561482425877,0.9822193277324992,0.9875082907035008,0.9982936147005986
